"level1","level2","level3","sv","en"
1,,,"Naturvetenskap","Natural sciences"
,101,,"Matematik","Mathematical sciences"
,,10101,"Matematisk analys ","Mathematical Analysis "
,,10102,"Geometri ","Geometry"
,,10103,"Algebra och logik ","Algebra and Logic "
,,10104,"Diskret matematik ","Discrete Mathematics"
,,10105,"Beräkningsmatematik ","Computational Mathematics"
,,10106,"Sannolikhetsteori och statistik (Statistik med medicinska aspekter under 30118 och samhällsvetenskapliga aspekter under 50907)","Probability Theory and Statistics (Statistics with medical aspects at 30118 and with social aspects at 50907)"
,,10199,"Annan matematik ","Other Mathematics"
,102,,"Data- och informationsvetenskap (Datateknik)","Computer and Information Sciences"
,,10201,"Datavetenskap (datalogi) ","Computer Sciences"
,,10202,"Systemvetenskap, informationssystem och informatik (Samhällsvetenskapliga aspekter under 50804)","Information Systems (Social aspects at 50804)"
,,10203,"Bioinformatik (beräkningsbiologi) (Tillämpningar under 10610)","Bioinformatics (Computational Biology) (Applications at 10610)"
,,10204,"Människa-datorinteraktion (interaktionsdesign) (Samhällsvetenskapliga aspekter under 50804)","Human Computer Interaction (Social aspects at 50804)"
,,10205,"Programvaruteknik ","Software Engineering"
,,10206,"Datorteknik ","Computer Engineering"
,,10207,"Datorgrafik och datorseende (Systemtekniska aspekter under 20208)","Computer graphics and computer vision (System engineering aspects at 20208)"
,,10208,"Språkbehandling och datorlingvistik","Natural Language Processing"
,,10210,"Artificiell intelligens","Artificial Intelligence"
,,10211,"Säkerhet, integritet och kryptologi","Security, Privacy and Cryptography"
,,10212,"Algoritmer","Algorithms"
,,10213,"Formella metoder","Formal Methods"
,,10214,"Nätverks-, parallell- och distribuerad beräkning","Networked, Parallel and Distributed Computing"
,,10299,"Annan data- och informationsvetenskap ","Other Computer and Information 		Science"
,103,,"Fysik","Physical Sciences"
,,10301,"Subatomär fysik ","Subatomic Physics"
,,,"Här ingår:","Including:"
,,,"fält- och partikelfysik ","Particle and Field Physics "
,,,"astropartikelfysik ","Astroparticle Physics"
,,,"kärnfysik ","Nuclear Physics"
,,,"acceleratorfysik","Accelerator Physics"
,,10302,"Atom- och molekylfysik och optik","Atom and Molecular Physics and Optics"
,,,"Här ingår:","Including:"
,,,"kemisk fysik ","Chemical Physics "
,,,"kvantoptik","Quantum Optics"
,,10303,"Fusion, plasma och rymdfysik ","Fusion, Plasma and Space Physics"
,,10304,"Den kondenserade materiens fysik ","Condensed Matter Physics"
,,,"Här ingår:","Including:"
,,,"materialfysik","Material Physics"
,,,"nanofysik ","Nano Physics "
,,10305,"Astronomi, astrofysik och kosmologi ","Astronomy, Astrophysics, and Cosmology "
,,10307,"Biofysik ","Biophysics "
,,10308,"Statistisk fysik och komplexa system","Statistical physics and complex systems"
" ",,10399,"Annan fysik","Other Physics Topics"
,104,,"Kemi","Chemical Sciences"
,,10401,"Analytisk kemi ","Analytical Chemistry"
,,10402,"Fysikalisk kemi ","Physical Chemistry"
,,,"Här ingår:","Including:"
,,,"yt- och kolloidkemi","Surface- and Colloid Chemistry"
,,10403,"Materialkemi ","Materials Chemistry"
,,10404,"Oorganisk kemi ","Inorganic Chemistry "
,,10405,"Organisk kemi","Organic Chemistry "
,,,"Här ingår:","Including:"
,,,"läkemedelskemi (Medicinsk inriktning under 30103)","Medicinal Chemistry (Medical focus at 30103)"
,,10406,"Polymerkemi ","Polymer Chemistry"
,,10407,"Teoretisk kemi","Theoretical Chemistry "
,,,"Här ingår:","Including:"
,,,"beräkningskemi","Computational Chemistry"
,,10408,"Biokemi","Biochemistry"
,,10499,"Annan kemi","Other Chemistry Topics"
,105,,"Geovetenskap och relaterad miljövetenskap ","Earth and Related Environmental Sciences "
,,10501,"Klimatvetenskap","Climate Science"
,,10502,"Miljövetenskap (Samhällsvetenskapliga aspekter under 50909 och lantbruksvetenskapliga under 40504)","Environmental Sciences (Social aspects at 50909 and agricultural at 40504)"
,,10503,"Multidisciplinär geovetenskap ","Multidisciplinary Geosciences"
,,10504,"Geologi (Geoteknik och teknisk geologi under 20106)","Geology (Geotechnical Engineering and Engineering Geology at 20106)"
,,10505,"Geofysik (Tillämningar med jordobservationsteknik under 20703)","Geophysics (Applications with Earth Observation at 20703)"
,,10506,"Geokemi ","Geochemistry"
,,10507,"Naturgeografi ","Physical Geography"
,,10508,"Meteorologi och atmosfärsvetenskap","Meteorology and Atmospheric Sciences "
,,10509,"Oceanografi, hydrologi och vattenresurser","Oceanography, Hydrology and Water Resources"
,,10510,"Paleontologi och paleoekologi","Palaeontology and Palaeoecology"
,,10599,"Annan geovetenskap","Other Earth Sciences"
,,,"Här ingår:","Including:"
,,,"Geografisk informationsvetenskap","Geographical Information Science"
,106,,"Biologi (Medicinska tillämpningar under 3 och lantbruksvetenskapliga under 4)","Biological Sciences (Medical aspects at 3 and agricultural at 4)"
,,10601,"Strukturbiologi ","Structural Biology "
,,10604,"Cellbiologi ","Cell Biology"
,,10605,"Immunologi (Medicinska aspekter under 30110 och lantbruksvetenskapliga under 40302)","Immunology (Medical aspects at 30110 and agricultural at 40302)"
,,10606,"Mikrobiologi (Medicinska aspekter under 30109 och lantbruksvetenskapliga under 40302)","Microbiology (Medical aspects at 30109 and agricultural at 40302)"
,,10607,"Botanik ","Botany"
,,10608,"Zoologi ","Zoology "
,,10609,"Genetik och genomik (Medicinska aspekter under 30107 och lantbruksvetenskapliga under 40402)","Genetics and Genomics (Medical aspects at 30107 and agricultural at 40402)"
,,10610,"Bioinformatik och beräkningsbiologi (Metodutveckling under 10203)","Bioinformatics and Computational Biology (Methods development to be 10203)"
,,,"Här ingår:","Including:"
,,,"modellering","Modelling"
,,,"maskininlärning","Machine Learning"
,,10611,"Ekologi ","Ecology"
,,,"Här ingår:","Including:"
,,,"bevarandebiologi (Biodiversitet med lantbruksvetenskaplig inriktning under 40504)","Biodiversity Conservation (Biodiversity within agricultural sciences at 40504)"
,,10612,"Biologisk systematik ","Biological Systematics"
,,10613,"Etologi ","Behavioural Sciences Biology"
,,10614,"Utvecklingsbiologi","Developmental Biology"
,,10615,"Evolutionsbiologi ","Evolutionary Biology"
,,10616,"Molekylärbiologi ","Molecular Biology"
,,10699,"Annan biologi ","Other Biological Topics"
,107,,"Annan naturvetenskap","Other Natural Sciences"
,,10799,"Annan naturvetenskap","Other Natural Sciences"
2,,,"Teknik  ","Engineering and Technology"
,201,,"Samhällsbyggnadsteknik","Civil Engineering "
,,20101,"Arkitekturteknik","Architectural Engineering"
,,20102,"Byggprocess och förvaltning","Construction Management"
,,,"Här ingår:","Including:"
,,,"Miljöanalys och bygginformationsteknik","Environmental Analysis and Construction Information Technology"
,,20103,"Husbyggnad","Building Technologies"
,,20104,"Infrastrukturteknik","Infrastructure Engineering"
,,20105,"Transportteknik och logistik","Transport Systems and Logistics"
,,20106,"Geoteknik och teknisk geologi","Geotechnical Engineering and Engineering Geology"
,,20107,"Vattenteknik ","Water Engineering"
,,20109,"Byggkonstruktion","Structural Engineering "
,,20110,"Byggnadsmaterial","Building materials "
,,20199,"Annan samhällsbyggnadsteknik","Other Civil Engineering"
,202,,"Elektroteknik och elektronik","Electrical Engineering, Electronic Engineering, Information Engineering"
,,20201,"Robotik och automation","Robotics and automation"
,,20202,"Reglerteknik","Control Engineering"
,,20203,"Kommunikationssystem","Communication Systems"
,,20204,"Telekommunikation","Telecommunications"
,,20205,"Signalbehandling","Signal Processing"
,,20206,"Datorsystem","Computer Systems"
,,20207,"Inbäddad systemteknik","Embedded Systems"
,,20208,"Datorseende och lärande system (Datavetenskapliga aspekter under 10207)","Computer Vision and learning System (Computer Sciences aspects in 10207)"
,,20209,"Elkraftsystem och -komponenter","Power Systems and Components"
,,20299,"Annan elektroteknik och elektronik","Other Electrical Engineering, Electronic Engineering, Information Engineering"
,203,,"Maskinteknik","Mechanical Engineering"
,,20301,"Teknisk mekanik","Applied Mechanics "
,,20302,"Farkost och rymdteknik","Vehicle and Aerospace Engineering"
,,,"Här ingår:",
,,,"Flygteknik",
,,20304,"Energiteknik","Energy Engineering"
,,20305,"Tillförlitlighets- och kvalitetsteknik","Reliability and Maintenance"
,,20306,"Strömningsmekanik","Fluid Mechanics"
,,20307,"Produktionsteknik, arbetsvetenskap och ergonomi","Production Engineering, Human Work Science and Ergonomics"
,,20309,"Solid- och strukturmekanik","Solid and Structural Mechanics"
,,20310,"Industriell ekonomi","Industrial engineering and management"
" ",,20399,"Annan maskinteknik ","Other Mechanical Engineering"
,,,"Här ingår:","Including:"
,,,"logistik","Logistics"
,,,"förbränningsteknik","Combustion Technology"
,,,"återvinningsteknik","Recycling Technology "
,,,"tribologi","Tribology"
,,,"akustik","Acoustics"
,204,,"Kemiteknik","Chemical Engineering"
,,20402,"Yt- och korrosionsteknik","Surface- and Corrosion Engineering "
,,,"Här ingår","Including:"
,,,"kemisk tribologi","Chemical tribology"
,,20403,"Polymerteknologi","Polymer Technologies"
,,20405,"Katalytiska processer ","Catalytic Processes"
,,20406,"Separationsprocesser","Separation Processes"
,,20407,"Livsmedelsprocessteknik","Circular Food Process Technologies"
,,20499,"Annan kemiteknik","Other Chemical Engineering"
,205,,"Materialteknik","Materials Engineering"
,,20501,"Keramiska och pulvermetallurgiska material","Ceramics and Powder Metallurgical Materials"
,,20502,"Kompositmaterial och kompositteknik","Composite Science and Engineering"
,,20503,"Pappers-, massa- och fiberteknik","Paper, Pulp and Fiber Technology"
,,20504,"Textil-, gummi- och polymermaterial","Textile, Rubber and Polymeric Materials"
,,20505,"Bearbetnings-, yt- och fogningsteknik","Manufacturing, Surface and Joining Technology"
,,20506,"Metallurgi och metalliska material","Metallurgy and Metallic Materials"
,,20599,"Annan materialteknik","Other Materials Engineering"
,206,,"Medicinteknik","Medical Engineering"
,,20601,"Medicinsk laboratorieteknik","Medical Laboratory Technologies"
,,20602,"Medicinsk materialteknik","Medical Materials"
,,,"Här ingår:","Including:"
,,,"Protesteknik","Prosthesis technologies"
,,20603,"Medicinsk bildvetenskap","Medical Imaging"
,,20604,"Medicinsk instrumentering","Medical Instrumentation"
,,,"Här ingår:","Including:"
,,,"Mätteknik","Measurement Technologies"
,,20605,"Medicinsk modellering och simulering","Medical Modelling and Simulation"
,,20606,"Medicinteknisk informatik (Medicinska aspekter under 30117)","Medical Informatics Engineering (Medical aspects at 30117)"
,,20699,"Annan medicinteknik","Other Medical Engineering"
,207,,"Naturresursteknik","Environmental Engineering"
,,20702,"Energisystem","Energy Systems"
,,20703,"Jordobservationsteknik","Earth Observation"
,,,"Här ingår:","Including:"
,,,"teknik för fjärranalys","Remote Sensing"
,,,"geodesi","Geodesy"
,,,"geofysisk teknik","Geophysical Engineering"
,,,"geografisk informationsteknik","Geographical information technology"
,,20704,"Mineral- och gruvteknik","Mineral and Mine Engineering"
,,20705,"Marinteknik","Marine Engineering"
,,,"Här ingår:","Including:"
,,,"Havs- och vattendragsteknik","Ocean and River Engineering"
,,20707,"Miljöteknik och miljöledning","Environmental Management"
,,20799,"Annan naturresursteknik","Other Environmental Engineering"
,208,,"Miljöbioteknik","Environmental Biotechnology"
,,20801,"Biosanering","Bioremediation"
,,20802,"Diagnostisk bioteknologi","Diagnostic Biotechnology"
,,20803,"Vattenbehandlingsbioteknik","Water Treatment"
,,20899,"Annan miljöbioteknik","Other Environmental Biotechnology"
,209,,"Industriell bioteknik","Industrial Biotechnology"
,,20901,"Bioprocessteknik","Bioprocess Technology"
,,,"Här ingår:","Including:"
,,,"Bioteknisk apparatteknik","Bioengineering Equipment"
,,20902,"Biokemikalier","Biochemicals"
,,20903,"Biomaterial","Bio Materials"
,,20904,"Bioenergi","Bioenergy"
,,20905,"Läkemedel- och medicinsk processbioteknik","Pharmaceutical and Medical Biotechnology"
,,20906,"Biokatalys och enzymteknik","Biocatalysis and Enzyme Technology"
,,20909,"Livsmedelsbioteknik","Food Biotechnology"
,,20999,"Annan industriell bioteknik","Other Industrial Biotechnology"
,210,,"Nanoteknik","Nano-technology"
,,21002,"Nanoteknisk elektronik","Nanotechnology for Electronic Applications"
,,21003,"Nanoteknisk materialvetenskap","Nanotechnology for Material Science"
,,21004,"Nanotekniska energitillämpningar","Nanotechnology for Energy Applications"
,,21005,"Nanotekniska livsvetenskaper och medicin","Nanotechnology for/in Life Science and Medicine"
,,21099,"Annan nanoteknik","Other Nanotechnology"
,211,,"Annan teknik","Other Engineering and Technologies"
,,21199,"Annan teknik","Other Engineering and Technologies"
3,,,"Medicin och hälsovetenskap","Medical and Health Sciences "
,301,,"Medicinska och farmaceutiska grundvetenskaper","Basic Medicine"
,,30101,"Farmaceutiska vetenskaper","Pharmaceutical Sciences"
,,30102,"Farmakologi och toxikologi","Pharmacology and Toxicology"
,,30103,"Läkemedelskemi (Naturvetenskaplig inriktning under 10405)","Medicinal Chemistry (Natural Sciences at 10405)"
,,30104,"Samhällsfarmaci och klinisk farmaci","Social and Clinical Pharmacy"
,,30105,"Neurovetenskaper","Neurosciences"
,,30106,"Fysiologi och anatomi","Physiology and Anatomy"
,,30107,"Medicinsk genetik och genomik","Medical Genetics and Genomics"
,,,"Här ingår:","Including:"
,,,"Genterapi","Gene Therapy"
,,30108,"Cell- och molekylärbiologi","Cell and Molecular Biology"
,,30109,"Mikrobiologi inom det medicinska området","Microbiology in the Medical Area"
,,30110,"Immunologi inom det medicinska området","Immunology in the Medical Area"
,,,"Här ingår:","Including:"
,,,"Cell- och immunterapi ","Cell and Immunotherapy"
,,30111,"Medicinska biovetenskaper","Medical Life Sciences"
,,,"Här ingår:","Including:"
,,,"Patologi och biokemi","Pathology and Biochemistry"
,,30112,"Basal cancerforskning","Basic Cancer Research"
,,30113,"Medicinsk bioinformatik och systembiologi  ","Medical Bioinformatics and Systems Biology"
,,30114,"Evolution och utvecklingsgenetik","Evolution and Developmental Genetics"
,,30115,"Medicinsk epigenetik och epigenomik","Medical Epigenetics and Epigenomics"
,,30116,"Epidemiologi ","Epidemiology"
,,30117,"Medicinsk informatik (Tekniska aspekter under 20606)","Medical Informatics (Technical aspects at 20606)"
,,30118,"Medicinsk biostatistik","Medical Biostatistics"
,,30199,"Andra medicinska och farmaceutiska grundvetenskaper","Other Basic Medicine"
,302,,"Klinisk medicin","Clinical Medicine"
,,30201,"Anestesi och intensivvård","Anesthesiology and Intensive Care"
,,30202,"Hematologi","Hematology"
,,30203,"Cancer och onkologi","Cancer and Oncology"
,,,"Här ingår:","Including:"
,,,"Precisionsmedicin","Precision Medicine"
,,30204,"Dermatologi och venereologi","Dermatology and Venereal Diseases"
,,30205,"Endokrinologi och diabetes","Endocrinology and Diabetes"
,,30206,"Kardiologi och kardiovaskulära sjukdomar","Cardiology and Cardiovascular Disease"
,,30207,"Neurologi","Neurology"
,,30208,"Radiologi och bildbehandling","Radiology and Medical Imaging"
,,30209,"Infektionsmedicin ","Infectious Medicine"
,,30211,"Ortopedi","Orthopaedics"
,,30212,"Kirurgi","Surgery"
,,,"Här ingår:","Including:"
,,,"Kirurgiska subspecialiteter","Surgical Subspecialties"
,,30213,"Gastroenterologi och hepatologi","Gastroenterology and Hepatology"
,,30215,"Psykiatri","Psychiatry"
,,30216,"Odontologi","Odontology"
,,30217,"Oftalmologi","Ophthalmology"
,,30218,"Oto-rhino-laryngologi","Oto-rhino-laryngology"
,,30219,"Lungmedicin och allergi","Respiratory Medicine and Allergy"
,,30220,"Gynekologi, obstetrik och reproduktionsmedicin ","Gynaecology, Obstetrics and Reproductive Medicine"
,,30221,"Pediatrik","Pediatrics"
,,30222,"Geriatrik ","Geriatrics "
,,30223,"Klinisk laboratoriemedicin","Clinical Laboratory Medicine"
,,30224,"Allmänmedicin","General Medicine"
,,30225,"Reumatologi ","Rheumatology"
,,30226,"Autoimmunitet och inflammation","Autoimmunity and Inflammation"
,,30227,"Internmedicin","Internal Medicine"
,,30228,"Urologi","Urology "
,,30229,"Njurmedicin","Nephrology"
,,30230,"Förlossnings- och mödravård","Childbirth and Maternity care"
,,30299,"Annan klinisk medicin","Other Clinical Medicine"
,303,,"Hälsovetenskap","Health Sciences"
,,30301,"Hälso- och sjukvårdsorganisation, hälsopolitik och hälsoekonomi","Health Care Service and Management, Health Policy and Services and Health Economy"
,,30303,"Arbetsmedicin och miljömedicin","Occupational Health and Environmental Health"
,,30304,"Näringslära och dietkunskap","Nutrition and Dietetics"
,,30305,"Omvårdnad","Nursing"
,,30306,"Arbetsterapi","Occupational Therapy"
,,30307,"Fysioterapi","Physiotherapy"
,,30308,"Idrottsvetenskap och fitness","Sport and Fitness Sciences"
,,30309,"Beroendelära och missbruk","Drug Abuse and Addiction"
,,30310,"Medicinsk etik","Medical Ethics"
,,30311,"Folkhälsovetenskap, global hälsa och socialmedicin","Public Health, Global Health and Social Medicine"
,,30312,"Palliativ medicin och palliativ vård","Palliative Medicine and Palliative Care"
,,30313,"Oral hälsa","Oral Health"
,,30314,"Rehabiliteringsmedicin","Rehabilitation Medicine"
,,30399,"Annan hälsovetenskap","Other Health Sciences"
,304,,"Medicinsk bioteknologi","Medical Biotechnology"
,,30401,"Medicinsk bioteknologi (Inriktn. mot cellbiologi (inkl. stamcellsbiologi), molekylärbiologi, mikrobiologi, biokemi eller biofarmaci)","Medical Biotechnology (Focus on Cell Biology (incl. Stem Cell Biology), Molecular Biology, Microbiology, Biochemistry or Biopharmacy)"
,,30402,"Biomedicinsk laboratorievetenskap/teknologi","Biomedical Laboratory Science/Technology"
,,30403,"Biomaterialvetenskap","Biomaterials Science"
,,30499,"Annan medicinsk bioteknologi","Other Medical Biotechnology"
,305,,"Annan medicin och hälsovetenskap","Other Medical and Health Sciences"
,,30501,"Rättsmedicin","Forensic Science"
,,30502,"Gerontologi, medicinsk/hälsovetenskaplig inriktning  (Samhällsvetenskaplig inriktn.under 50908) ","Gerontology, specialising in Medical and Health Sciences (Specialising in Social Sciences at 50908)"
,,30599,"Övrig annan medicin och hälsovetenskap","Other Medical and Health Sciences not elsewhere specified"
4,,,"Lantbruksvetenskap och veterinärmedicin","Agricultural and Veterinary sciences"
,401,,"Jordbruk, skogsbruk och fiske","Agriculture, Forestry and Fisheries"
,,40101,"Jordbruksvetenskap","Agricultural Science"
,,,"Här ingår:","Including:"
,,,"växtgenetik","Plant Genetics"
,,,"jordbruksekologi","Agricultural Ecology"
,,,"agroteknologi","Agricultural Technology"
,,,"agrarhistoria","Agricultural History"
,,40102,"Trädgårdsvetenskap/hortikultur ","Horticulture"
,,40103,"Livsmedelsvetenskap","Food Science"
,,,"Här ingår:","Including:"
,,,"produktkvalitet","Product Quality"
,,40104,"Skogsvetenskap","Forest Science"
,,,"Här ingår:","Including:"
,,,"skogsskötsel","Silviculture"
,,,"skogsgenetik","Forest Genetics"
,,,"skogsmykologi","Forest Mycology"
,,,"skogspatologi","Forest Pathology"
,,,"skogsteknologi","Forest Technology"
,,,"skogshistoria","Forest History"
,,,"skogsekologi","Forest Ecology"
,,,"skogsekonomi","Forest Economics"
,,40105,"Trävetenskap","Wood Science"
,,,"Här ingår:","Including:"
,,,"träteknologi","Wood Technology"
,,40106,"Markvetenskap","Soil Science"
,,,"Här ingår:","Including:"
,,,"biogeofysik","Biogeophysics"
,,,"biogeokemi","Biogeochemistry"
,,,"markmikrobiologi","Soil Microbiology"
,,,"växt-mark interaktioner","Plant-Soil Interactions"
,,40107,"Fisk- och akvakulturforskning ","Fish and Aquacultural Science"
,,,"Här ingår:","Including:"
,,,"fiskodling","Fish farming"
,,,"fiskgenetik","Fish Genetics"
,,,"fisketologi","Fish Ethology"
,402,,"Husdjursvetenskap","Animal and Dairy Science"
,,40201,"Husdjursvetenskap","Animal and Dairy Science"
,,,"Här ingår:","Including:"
,,,"djuretik","Animal Ethics"
,,,"renskötsel","Reindeer Husbandry"
,403,,"Veterinärmedicin","Veterinary Science"
,,40301,"Medicinsk biovetenskap","Medical Bioscience"
,,,"Här ingår:","Including:"
,,,"anatomi","Anatomy"
,,,"fysiologi","Physiology"
,,,"biokemi","Biochemistry"
,,40302,"Patobiologi ","Pathobiology"
,,,"Här ingår:","Including:"
,,,"immunologi","Immunology"
,,,"mikrobiologi","Microbiology"
,,,"patologi","Pathology"
,,,"toxikologi","Toxicology"
,,,"farmakologi","Pharmacology"
,,,"livsmedelssäkerhet","Food Safety"
,,40303,"Klinisk vetenskap","Clinical Science"
,,,"Här ingår:","Including:"
,,,"anestesiologi","Anaesthesiology"
,,,"komparativ medicin","Comparative Medicine"
,,,"diagnostik","Diagnostics"
,,,"djuromvårdnad","Veterinary Nursing"
,,,"epidemiologi","Epidemiology"
,,,"kirurgi","Surgery"
,,,"medicin","Medicine"
,,,"reproduktion","Reproduction"
,,40399,"Annan veterinärmedicin","Other Veterinary Science"
,404,,"Bioteknologi med applikationer på växter och djur","Agricultural Biotechnology"
,,40401,"Växtbioteknologi","Plant Biotechnology"
,,,"Här ingår:","Including:"
,,,"skogsbioteknologi","Forest Biotechnology"
,,40402,"Genetik och förädling inom lantbruksvetenskap","Genetics and Breeding in Agricultural Sciences"
,,,"Här ingår:","Including:"
,,,"mikroorganismer","Microorganisms"
,,,"svampar","Fungi"
,,,"reproduktionsbioteknologi","Reproductive Biotechnology"
,,,"cell-linjer och organoider","Cell lines and Organoids"
,405,,"Annan lantbruksvetenskap ","Other Agricultural Sciences"
,,40502,"Vilt- och fiskeförvaltning","Fish and Wildlife Management "
,,,"Här ingår:","Including:"
,,,"jakt","Hunting"
,,,"fisk och fiskeri","Fishing and Fisheries"
,,,"vilt- och fiskpopulationsekologi","Game and Fishpopulation Ecology"
,,40504,"Miljö- och naturvårdsvetenskap ","Environmental Sciences and Nature Conservation"
,,,"Här ingår:","Including:"
,,,"biodiversitet","Biodiversity"
,,40505,"Landskapsarkitektur "," Landscape Architecture"
,,,"Här ingår:","Including:"
,,,"planering","Planning"
,,,"design","Design"
,,,"vård","Management"
,,40506,"Jordbruksekonomi och landsbygdsutveckling","Agricultural Economics and Management and Rural development"
,,40507,"Miljöekonomi och förvaltning","Environmental Economics and Management"
,,40599,"Övrig annan lantbruksvetenskap","Other Agricultural Sciences not elsewhere specified"
5,,,"Samhällsvetenskap","Social Sciences"
,501,,"Psykologi","Psychology"
,,50101,"Psykologi  (Exklusive tillämpad psykologi)","Psychology (Excluding Applied Psychology)"
,,50102,"Tillämpad psykologi ","Applied Psychology"
,,,"Här ingår:","Including:"
,,,"klinisk psykologi","Clinical Psychology"
,,,"psykoterapi","Psychotherapy"
,502,,"Ekonomi och näringsliv","Economics and Business"
,,50201,"Nationalekonomi ","Economics"
,,50202,"Företagsekonomi","Business Administration"
,,50203,"Ekonomisk historia","Economic History"
,503,,"Utbildningsvetenskap","Educational Sciences"
,,50301,"Pedagogik","Pedagogy"
,,,"Här ingår:","Including:"
,,,"special- och andra inriktningar av pedagogik","Special Needs- and other orientations of Pedagogy"
,,50302,"Didaktik ","Didactics"
,,,"Här ingår:","Including:"
,,,"allmän- och  ämnesdidaktik","General and Subject Didactics"
,,50304,"Pedagogiskt arbete","Educational Work "
,,50399,"Annan utbildningsvetenskaplig forskning ","Other Educational Sciences"
,504,,"Sociologi","Sociology"
,,50401,"Sociologi (Exklusive socialt arbete, socialantropologi, demografi och kriminologi)","Sociology (Excluding Social Work, Social Anthropology, Demography and Criminology)"
,,50402,"Socialt arbete","Social Work"
,,50404,"Socialantropologi","Social Anthropology"
,,50405,"Demografi","Demography"
,,50406,"Kriminologi","Criminology"
,505,,"Juridik","Law"
,,50501,"Juridik","Law"
,,50503,"Annan rättsvetenskaplig forskning","Other Legal Research"
,506,,"Statsvetenskap","Political Science"
,,50601,"Statsvetenskap (Exklusive freds- och konfliktforskning)","Political Science (Excluding Peace and Conflict Studies)"
,,50604,"Freds- och konfliktforskning","Peace and Conflict Studies"
,507,,"Social och ekonomisk geografi","Social and Economic Geography"
,,50701,"Kulturgeografi","Human Geography"
,,50702,"Ekonomisk geografi
","Economic Geography "
,,50703,"Andra geografiska studier","Other Geographic Studies"
,,,"Här ingår:","Including:"
,,,"turism-, urban-, rurala och globala studier","Tourism, Urban, Rural, and Global Studies"
,508,,"Medie-, kommunikations-, och informationsvetenskaper","Media and Communications"
,,50801,"Medie- och kommunikationsvetenskap","Media and Communication Studies"
,,50804,"Systemvetenskap, informationssystem och informatik med samhällsvetenskaplig inriktning","Information Systems, Social aspects"
,,,"Här ingår:","Including:"
,,,"Mänsklig interaktion med IKT","Human Aspects of ICT"
,,50805,"Biblioteks-och informationsvetenskap","Information Studies"
,509,,"Annan samhällsvetenskap","Other Social Sciences"
,,50902,"Genusstudier","Gender Studies"
,,50903,"Arbetslivsstudier","Work Sciences"
,,50904,"Internationell migration och etniska relationer (IMER)","International Migration and Ethnic Relations"
,,50905,"Studier av offentlig förvaltning","Public Administration Studies"
,,50906,"Utvecklingsstudier","Development Studies"
,,50907,"Statistik inom samhällsvetenskap ","Statistics in Social Sciences"
,,50908,"Samhällsvetenskapliga hälso- och koststudier","Health and Diet Studies in Social Sciences"
,,50909,"Miljövetenskapliga studier inom samhällsvetenskap","Environmental Studies in Social Sciences"
,,50910,"Barn- och ungdomsvetenskap","Child and Youth Studies"
,,50911,"Krigs-, kris-, säkerhetsvetenskaper","War, Crisis, and Security Studies"
,,50912,"Teknik och samhälle","Science and Technology Studies"
,,50999,"Övrig annan samhällsvetenskap","Other Social Sciences not elsewhere specified"
6,,,"Humaniora och konst","Humanities and the Arts"
,601,,"Historia och arkeologi ","History and Archaeology "
,,60101,"Historia","History"
,,60102,"Teknik- och miljöhistoria","Technology and Environmental History"
,,60103,"Arkeologi","Archaeology"
,,60104,"Idé- och lärdomshistoria","History of Science and Ideas"
,,60105,"Antikvetenskap","Classical Archaeology and Ancient History"
,602,,"Språk och litteratur","Languages and Literature "
,,60201,"Jämförande språkvetenskap och allmän lingvistik","Comparative Language Studies and Linguistics"
,,60202,"Studier av enskilda språk","Studies of Specific Languages"
,,60203,"Litteraturvetenskap","General Literary studies"
,,,"Här ingår:","Including:"
,,,"litteraturteori","Literary Theory"
,,60204,"Litteraturstudier","Studies of Specific Literatures"
,,,"Här ingår:","Including:"
,,,"Litteraturer från särskilda språkområden","Literature from specific Language areas"
,,60205,"Filologi","Philology"
,,60206,"Översättningsvetenskap","Translation Studies"
,,60207,"Retorik","Rhetoric"
,603,,"Filosofi, etik och religion","Philosophy, Ethics and Religion"
,,60301,"Filosofi","Philosophy"
,,60302,"Etik","Ethics"
,,60303,"Religionsvetenskap","Religious Studies "
,,,"Här ingår:","Including:"
,,,"religionsbeteendevetenskap","Social Sciences of Religions"
,,,"tros- och livsåskådningsvetenskap/systematisk teologi","Studies in Faiths and Ideologies/Systematic Theology"
,,,"bibelvetenskap","Biblical Studies"
,,,"kyrkovetenskap","Ecclesiology/ Practical Theology"
,,,"kyrkohistoria","Church History"
,,60304,"Religionshistoria","History of Religions"
,,60306,"Estetik","Aesthetics"
,604,,"Konst","Arts"
,,,"Konst - vetenskaplig grund","Scientific Basis"
,,60407,"Konstvetenskap","Art History"
,,,"Här ingår:","Including:"
,,,"Textil-  och modevetenskap","Textile and Fashion Design Studies"
,,60408,"Musikvetenskap","Musicology"
,,60409,"Teatervetenskap","Performing Art Studies"
,,60410,"Filmvetenskap","Film Studies"
,,,"Konst - konstnärlig grund","Artistic Basis"
,,60411,"Fri Konst","Visual Arts  "
,,60412,"Musik","Music"
,,60413,"Litterär gestaltning ","Literary Composition "
,,60414,"Scenkonst","Performing Arts"
,,60415,"Arkitektur","Architecture"
,,60416,"Design","Design"
,,60417,"Film","Film"
,,60418,"Konsthantverk","Crafts"
,,60419,"Fotografi","Photography"
,605,,"Annan humaniora och konst","Other Humanities "
,,60502,"Kulturstudier","Cultural Studies "
,,60503,"Etnologi","Ethnology"
,,60504,"Tvärdiciplinära studier i humaniora och konst","Interdisciplinary Studies in Humanities and Arts"
,,60599,"Övrig annan humaniora ","Other Humanities not elsewhere specified"
